wage,educ,exper,tenure,nonwhite,female,married,numdep,smsa,northcen,south,west,construc,ndurman,trcommpu,trade,services,profserv,profocc,clerocc,servocc,lwage,expersq,tenursq
3.0999999,11,2,0,0,1,0,2,1,0,0,1,0,0,0,0,0,0,0,0,0,1.131402,4,0
3.24,12,22,2,0,1,1,3,1,0,0,1,0,0,0,0,1,0,0,0,1,1.175573,484,4
3,11,2,0,0,0,0,2,0,0,0,1,0,0,0,1,0,0,0,0,0,1.098612,4,0
6,8,44,28,0,0,1,0,1,0,0,1,0,0,0,0,0,0,0,1,0,1.791759,1936,784
5.3000002,12,7,2,0,0,1,1,0,0,0,1,0,0,0,0,0,0,0,0,0,1.667707,49,4
8.75,16,9,8,0,0,1,0,1,0,0,1,0,0,0,0,0,1,1,0,0,2.169054,81,64
11.25,18,15,7,0,0,0,0,1,0,0,1,0,0,0,1,0,0,1,0,0,2.420368,225,49
5,12,5,3,0,1,0,0,1,0,0,1,0,0,0,0,0,0,1,0,0,1.6094379,25,9
3.5999999,12,26,4,0,1,0,2,1,0,0,1,0,0,0,1,0,0,1,0,0,1.280934,676,16
18.18,17,22,21,0,0,1,0,1,0,0,1,0,0,0,0,0,0,1,0,0,2.900322,484,441
6.25,16,8,2,0,1,0,0,1,0,0,1,0,0,0,1,0,0,1,0,0,1.832582,64,4
8.1300001,13,3,0,0,1,0,0,1,0,0,1,0,0,0,0,0,1,0,1,0,2.095561,9,0
8.7700005,12,15,0,0,0,1,2,1,0,0,1,0,0,0,0,0,0,0,0,0,2.1713369,225,0
5.5,12,18,3,0,0,0,0,1,0,0,1,0,0,0,0,0,0,0,0,0,1.704748,324,9
22.200001,12,31,15,0,0,1,1,1,0,0,1,0,0,0,0,0,0,1,0,0,3.1000919,961,225
17.33,16,14,0,0,0,1,1,1,0,0,1,0,0,0,0,0,1,1,0,0,2.8524389,196,0
7.5,12,10,0,0,1,1,0,1,0,0,1,0,0,0,0,0,0,0,1,0,2.0149031,100,0
10.63,13,16,10,0,1,0,0,1,0,0,1,0,0,0,0,0,1,1,0,0,2.3636799,256,100
3.5999999,12,13,0,0,1,1,3,1,0,0,1,0,0,0,0,0,0,0,0,0,1.280934,169,0
4.5,12,36,6,0,1,1,0,1,0,0,1,0,0,0,0,0,1,0,0,1,1.504077,1296,36
6.8800001,12,11,4,0,1,0,0,1,0,0,1,0,0,0,0,0,1,1,0,0,1.928619,121,16
8.4799995,12,29,13,0,0,1,3,1,0,0,1,0,0,0,0,0,0,0,0,0,2.1377101,841,169
6.3299999,16,9,9,0,1,0,0,1,0,0,1,0,0,0,0,0,0,1,0,0,1.8453,81,81
0.52999997,12,3,1,0,1,0,0,1,0,0,1,0,0,0,0,1,0,0,0,1,-0.63487828,9,1
6,11,37,8,1,1,0,0,1,0,0,1,0,0,0,0,1,0,0,0,0,1.791759,1369,64
9.5600004,16,3,3,1,0,1,1,1,0,0,1,0,1,0,0,0,0,1,0,0,2.2575879,9,9
7.7800002,16,11,10,0,0,1,1,1,0,0,1,0,0,1,0,0,0,0,0,0,2.0515561,121,100
12.5,16,31,0,0,0,1,0,1,0,0,1,0,0,0,0,0,0,1,0,0,2.5257289,961,0
12.5,15,30,0,0,0,1,2,1,0,0,1,0,0,0,0,0,0,1,0,0,2.5257289,900,0
3.25,8,9,1,0,1,1,2,1,0,0,1,0,0,0,0,0,0,0,0,0,1.178655,81,1
13,14,23,5,0,0,1,2,1,0,0,1,0,0,0,0,0,1,1,0,0,2.564949,529,25
4.5,14,2,5,0,1,0,2,1,0,0,1,0,0,0,1,0,0,0,0,0,1.504077,4,25
9.6800003,13,16,16,0,1,0,0,1,0,0,1,0,0,0,0,0,0,1,0,0,2.270062,256,256
5,12,7,3,0,1,0,0,1,0,0,1,0,0,0,0,0,0,0,1,0,1.6094379,49,9
4.6799998,12,3,0,0,1,0,0,1,0,0,1,0,0,0,0,1,0,0,1,0,1.543298,9,0
4.27,16,22,4,1,1,1,1,1,0,0,1,0,0,0,1,0,0,1,0,0,1.451614,484,16
6.1500001,12,15,6,1,1,1,1,1,0,0,1,0,0,0,0,1,0,0,0,1,1.816452,225,36
3.51,4,39,15,0,0,1,5,1,0,0,1,0,0,0,1,0,0,0,0,0,1.2556159,1521,225
3,14,3,3,0,1,1,0,1,0,0,1,0,0,0,0,0,1,0,1,0,1.098612,9,9
6.25,12,11,0,0,1,0,0,1,0,0,1,0,0,0,0,0,1,0,1,0,1.832582,121,0
7.8099999,12,3,0,0,1,1,0,1,0,0,1,0,0,0,0,1,0,0,0,1,2.0554049,9,0
10,12,20,5,1,1,1,4,1,0,0,1,0,0,0,0,0,1,0,1,0,2.3025849,400,25
4.5,14,16,0,0,1,1,1,1,0,0,1,0,0,0,0,0,1,0,1,0,1.504077,256,0
4,11,45,12,0,1,1,0,1,0,0,1,0,0,0,0,0,1,0,0,1,1.386294,2025,144
6.3800001,13,11,4,0,1,0,0,1,0,0,1,0,0,0,0,0,0,0,0,0,1.853168,121,16
13.7,15,20,13,0,0,1,2,1,0,0,1,0,0,0,0,0,1,1,0,0,2.6173961,400,169
1.67,10,1,0,0,0,0,1,1,0,0,1,0,0,0,0,1,0,0,0,0,0.51282358,1,0
2.9300001,12,36,2,0,1,1,1,1,0,0,1,0,0,0,1,0,0,1,0,0,1.075002,1296,4
3.6500001,14,9,2,0,0,0,0,1,0,0,1,0,0,0,1,0,0,1,0,0,1.294727,81,4
2.9000001,12,15,1,0,1,1,2,1,0,0,1,0,0,0,0,1,0,0,0,1,1.064711,225,1
1.63,12,18,0,0,1,0,2,0,0,0,0,0,0,0,0,1,0,0,0,1,0.48857999,324,0
8.6000004,16,3,2,0,1,0,0,1,0,0,0,0,0,0,0,0,1,1,0,0,2.151762,9,4
5,12,15,5,0,0,1,1,1,0,0,0,0,0,0,1,0,0,0,1,0,1.6094379,225,25
6,12,7,7,0,0,1,0,1,0,0,0,0,0,0,0,0,0,0,0,0,1.791759,49,49
2.5,12,2,0,0,0,0,2,0,0,0,0,0,0,0,0,0,0,0,0,0,0.91629082,4,0
3.25,15,3,0,0,0,0,1,0,0,0,0,0,0,0,1,0,0,0,0,1,1.178655,9,0
3.4000001,16,1,1,0,1,0,1,0,0,0,0,0,0,0,1,0,0,0,0,1,1.223776,1,1
10,8,13,0,1,0,0,0,1,0,0,0,0,0,0,1,0,0,0,0,0,2.3025849,169,0
21.629999,18,8,8,0,1,0,0,1,0,0,0,0,0,0,0,0,1,1,0,0,3.0740809,64,64
4.3800001,16,7,0,0,0,0,0,1,0,0,0,0,0,0,1,0,0,0,0,1,1.477049,49,0
11.71,13,40,20,0,1,0,0,1,0,0,0,0,1,0,0,0,0,1,0,0,2.460443,1600,400
12.39,14,42,5,0,0,0,0,1,0,0,0,0,0,0,0,0,1,1,0,0,2.51689,1764,25
6.25,10,36,8,0,0,0,0,1,0,0,0,0,0,0,1,0,0,0,0,1,1.832582,1296,64
3.71,10,13,0,1,1,0,4,1,0,0,0,0,0,0,0,0,1,0,1,0,1.3110321,169,0
7.7800002,14,9,3,0,0,0,0,1,0,0,0,0,0,0,0,0,1,1,0,0,2.0515561,81,9
19.98,14,26,23,0,0,1,2,1,0,0,0,0,0,0,0,0,0,1,0,0,2.9947319,676,529
6.25,16,7,4,1,1,1,3,1,0,0,0,0,0,0,0,0,1,1,0,0,1.832582,49,16
10,12,25,3,0,0,1,3,1,0,0,0,0,0,0,0,0,1,1,0,0,2.3025849,625,9
5.71,16,10,5,0,0,1,1,1,0,0,0,0,0,0,0,0,1,1,0,0,1.742219,100,25
2,12,3,2,0,1,0,4,1,0,0,0,0,0,0,0,1,0,0,0,0,0.69314718,9,4
5.71,16,3,0,0,1,0,0,1,0,0,0,0,0,0,1,0,0,0,1,0,1.742219,9,0
13.08,17,17,2,1,0,1,3,1,0,0,0,0,0,0,0,0,1,1,0,0,2.571084,289,4
4.9099998,12,17,8,0,0,1,2,1,0,0,0,0,0,0,0,0,0,0,0,0,1.591274,289,64
2.9100001,12,20,34,0,1,1,2,1,0,0,0,0,0,0,0,1,0,0,1,0,1.068153,400,1156
3.75,12,7,0,0,1,1,0,1,0,0,0,1,0,0,0,0,0,0,1,0,1.321756,49,0
11.9,13,24,19,0,0,1,2,1,0,0,0,0,0,0,0,0,1,1,0,0,2.4765379,576,361
4,12,28,0,0,1,1,1,1,0,0,0,0,0,0,0,0,1,0,1,0,1.386294,784,0
3.0999999,12,2,1,0,1,0,1,1,0,0,0,0,0,0,1,0,0,0,1,0,1.131402,4,1
8.4499998,12,19,13,0,0,1,4,1,0,0,0,0,0,0,0,0,0,0,0,0,2.134166,361,169
7.1399999,18,13,0,0,0,1,2,1,0,0,0,0,0,0,0,0,1,1,0,0,1.965713,169,0
4.5,9,22,5,0,0,1,4,1,0,0,0,0,0,0,0,0,0,0,0,0,1.504077,484,25
4.6500001,16,3,1,0,0,0,0,1,0,0,0,0,1,0,0,0,0,0,0,0,1.536867,9,1
2.9000001,10,4,0,0,1,0,1,1,0,0,0,0,0,0,0,0,1,0,0,1,1.064711,16,0
6.6700001,12,7,5,0,0,0,0,1,0,0,0,0,0,0,0,0,0,1,0,0,1.89762,49,25
3.5,12,6,2,1,1,0,1,1,0,0,0,0,0,0,0,0,1,0,0,1,1.252763,36,4
3.26,12,13,3,0,1,1,1,1,0,0,0,0,0,0,1,0,0,1,0,0,1.1817271,169,9
3.25,12,14,0,0,1,1,1,1,0,0,0,0,0,0,0,0,1,0,1,0,1.178655,196,0
8,12,14,4,0,1,0,1,1,0,0,0,0,0,0,0,0,1,1,0,0,2.079442,196,16
9.8500004,8,40,24,1,0,1,2,1,0,0,0,0,0,0,0,0,0,0,0,0,2.287472,1600,576
7.5,12,11,7,0,0,1,1,1,0,0,0,0,0,0,0,0,0,0,0,0,2.0149031,121,49
5.9099998,12,14,6,0,0,1,2,0,0,0,0,0,0,1,0,0,0,0,0,0,1.776646,196,36
11.76,14,40,39,0,0,1,0,1,0,0,0,0,0,1,0,0,0,1,0,0,2.464704,1600,1521
3,12,1,0,0,1,0,2,1,0,0,0,0,0,0,1,0,0,1,0,0,1.098612,1,0
4.8099999,12,2,0,0,1,0,0,1,0,0,0,0,0,0,0,0,1,0,0,1,1.5706969,4,0
6.5,12,4,1,0,1,0,0,1,0,0,0,0,0,0,0,0,1,1,0,0,1.871802,16,1
4,9,19,1,0,1,1,1,1,0,0,0,0,0,0,0,1,0,0,0,1,1.386294,361,1
3.5,13,1,0,0,0,0,1,1,0,0,0,0,1,0,0,0,0,1,0,0,1.252763,1,0
13.16,12,34,22,0,0,1,0,1,0,0,0,0,0,0,1,0,0,1,0,0,2.5771821,1156,484
4.25,14,5,2,0,0,1,2,1,0,0,0,0,0,0,1,0,0,0,0,0,1.446919,25,4
3.5,12,3,0,0,0,0,0,1,0,0,0,0,0,0,1,0,0,0,0,1,1.252763,9,0
5.1300001,15,6,6,0,1,0,0,1,0,0,0,0,1,0,0,0,0,1,0,0,1.635106,36,36
3.75,12,14,0,0,1,1,3,1,0,0,0,0,0,0,0,1,0,0,0,1,1.321756,196,0
4.5,12,35,12,0,1,1,0,1,0,0,0,0,0,0,0,0,1,0,1,0,1.504077,1225,144
7.6300001,12,8,4,0,1,0,0,1,0,0,0,0,0,1,0,0,0,0,1,0,2.032088,64,16
15,14,7,7,1,0,1,1,1,0,0,0,0,0,0,0,0,0,0,0,0,2.70805,49,49
6.8499999,15,11,3,0,1,1,2,1,0,0,0,0,0,0,0,0,1,1,0,0,1.9242491,121,9
13.33,12,14,11,0,0,1,2,1,0,0,0,0,0,0,1,0,0,1,0,0,2.5900171,196,121
6.6700001,12,35,10,0,0,0,0,1,0,0,0,0,0,0,0,0,0,0,0,0,1.89762,1225,100
2.53,12,46,0,0,1,0,0,1,0,0,0,0,0,0,1,0,0,1,0,0,0.92821932,2116,0
9.8000002,17,7,0,0,0,1,0,1,0,0,0,0,0,0,0,1,0,1,0,0,2.282382,49,0
3.3699999,11,45,12,0,0,1,0,1,0,0,0,0,0,0,1,0,0,1,0,0,1.214913,2025,144
24.98,18,29,25,0,0,1,0,1,0,0,0,0,0,0,0,0,0,1,0,0,3.218076,841,625
5.4000001,12,6,3,0,0,1,0,1,0,0,0,0,0,0,0,1,0,0,0,0,1.686399,36,9
6.1100001,14,15,0,0,0,1,2,1,0,0,0,0,0,0,1,0,0,1,0,0,1.809927,225,0
4.1999998,14,33,16,0,1,1,0,1,0,0,0,0,0,0,0,0,1,1,0,0,1.435084,1089,256
3.75,10,15,0,0,0,0,0,1,0,0,0,0,0,0,1,0,0,0,0,0,1.321756,225,0
3.5,14,5,0,0,1,1,0,0,0,1,0,0,0,0,0,0,1,0,1,0,1.252763,25,0
3.6400001,12,7,2,0,0,0,0,1,0,1,0,0,0,0,0,0,1,0,0,1,1.291984,49,4
3.8,15,6,1,0,0,1,1,1,0,1,0,0,0,0,1,0,0,0,0,0,1.335001,36,1
3,8,33,12,0,1,1,3,0,0,1,0,0,1,0,0,0,0,0,0,0,1.098612,1089,144
5,16,2,1,0,1,1,0,0,0,1,0,0,0,0,1,0,0,1,0,0,1.6094379,4,1
4.6300001,14,4,0,0,1,1,2,1,0,1,0,0,0,0,0,0,1,0,0,1,1.532557,16,0
3,15,1,0,0,0,0,0,1,0,1,0,0,0,0,1,0,0,1,0,0,1.098612,1,0
3.2,12,29,0,0,1,0,1,1,0,1,0,0,0,0,0,0,0,0,1,0,1.163151,841,0
3.9100001,18,17,3,0,0,1,2,0,0,1,0,0,0,0,0,0,1,1,0,0,1.363537,289,9
6.4299998,16,17,3,0,1,1,2,0,0,1,0,0,0,0,0,0,1,1,0,0,1.860975,289,9
5.48,10,36,3,0,1,1,0,1,0,1,0,0,0,0,0,0,0,0,0,0,1.701105,1296,9
1.5,8,31,30,0,0,0,0,0,0,1,0,0,0,0,1,0,0,0,0,0,0.4054651,961,900
2.9000001,10,23,2,0,1,0,2,0,0,1,0,0,0,0,0,0,1,0,0,1,1.064711,529,4
5,11,13,1,0,0,1,0,0,0,1,0,0,0,0,1,0,0,0,0,0,1.6094379,169,1
8.9200001,18,3,3,0,0,1,0,1,0,1,0,0,0,0,1,0,0,1,0,0,2.1882961,9,9
5,15,15,0,0,0,0,0,1,0,1,0,0,0,0,1,0,0,1,0,0,1.6094379,225,0
3.52,12,48,1,0,0,1,0,0,0,1,0,0,0,0,0,0,1,0,0,0,1.258461,2304,1
2.9000001,11,6,0,0,1,0,1,0,0,1,0,0,1,0,0,0,0,0,0,0,1.064711,36,0
4.5,12,12,0,0,0,1,3,1,0,1,0,0,0,0,1,0,0,0,0,0,1.504077,144,0
2.25,12,5,0,0,1,0,2,1,0,1,0,0,0,0,1,0,0,0,0,1,0.81093019,25,0
5,14,19,5,0,0,1,4,1,0,1,0,0,0,0,1,0,0,0,0,0,1.6094379,361,25
10,16,9,3,1,0,1,2,1,0,1,0,0,0,0,0,0,0,1,0,0,2.3025849,81,9
3.75,2,39,13,0,0,1,0,1,0,1,0,0,0,0,0,0,1,0,0,1,1.321756,1521,169
10,14,28,11,0,1,1,0,1,0,1,0,0,1,0,0,0,0,1,0,0,2.3025849,784,121
10.95,16,23,20,0,0,1,4,1,0,1,0,0,1,0,0,0,0,1,0,0,2.3933389,529,400
7.9000001,12,2,0,0,0,0,0,1,0,1,0,1,0,0,0,0,0,0,0,0,2.0668631,4,0
4.7199998,12,15,1,0,1,0,0,1,0,1,0,0,0,0,0,0,0,0,0,0,1.551809,225,1
5.8400002,13,5,0,0,1,1,1,1,0,1,0,0,0,0,0,0,1,0,1,0,1.764731,25,0
3.8299999,12,18,2,0,1,0,3,1,0,1,0,0,0,0,0,0,0,0,1,0,1.342865,324,4
3.2,15,2,2,0,1,0,2,1,0,1,0,0,0,1,0,0,0,0,0,0,1.163151,4,4
2,10,3,0,1,1,0,5,1,0,1,0,0,0,0,1,0,0,0,0,1,0.69314718,9,0
4.5,12,31,4,0,1,1,3,1,0,1,0,0,0,0,0,0,1,0,1,0,1.504077,961,16
11.55,16,20,5,0,1,1,3,1,0,1,0,1,0,0,0,0,0,0,1,0,2.446686,400,25
2.1400001,13,34,15,1,1,1,0,1,0,1,0,0,0,0,0,1,0,0,0,0,0.7608059,1156,225
2.3800001,9,5,0,1,0,0,5,1,0,1,0,0,0,0,0,0,0,0,0,1,0.86710048,25,0
3.75,12,11,0,0,0,0,1,1,0,1,0,0,0,0,0,0,0,0,0,0,1.321756,121,0
5.52,13,31,3,0,0,0,0,1,0,1,0,0,0,0,1,0,0,0,0,0,1.708378,961,9
6.5,12,8,5,0,1,1,0,1,0,1,0,0,0,1,0,0,0,0,1,0,1.871802,64,25
3.0999999,12,2,2,0,1,0,1,1,0,1,0,0,1,0,0,0,0,0,0,0,1.131402,4,4
10,14,18,5,0,0,1,2,1,0,1,0,0,0,0,0,0,0,1,0,0,2.3025849,324,25
6.6300001,16,3,0,0,0,1,0,1,0,1,0,0,0,0,0,0,1,1,0,0,1.891605,9,0
10,16,3,2,0,0,1,0,1,0,1,0,0,0,1,0,0,0,1,0,0,2.3025849,9,4
2.3099999,9,4,1,0,1,0,5,0,1,0,0,0,0,0,1,0,0,0,0,1,0.83724749,16,1
6.8800001,18,4,4,0,0,0,0,1,1,0,0,0,0,0,0,0,1,1,0,0,1.928619,16,16
2.8299999,10,1,0,0,0,0,4,1,1,0,0,0,0,0,1,0,0,0,0,0,1.040277,1,0
3.1300001,10,1,0,0,1,0,1,1,1,0,0,0,0,0,1,0,0,1,0,0,1.1410331,1,0
8,13,28,5,0,0,1,1,1,1,0,0,0,0,0,0,1,0,1,0,0,2.079442,784,25
4.5,12,47,4,0,1,1,0,1,1,0,0,0,0,0,1,0,0,0,1,0,1.504077,2209,16
8.6499996,18,13,1,0,1,0,0,1,1,0,0,0,1,0,0,0,0,1,0,0,2.1575589,169,1
2,13,2,6,0,1,0,0,1,1,0,0,0,0,0,0,1,0,0,0,1,0.69314718,4,36
4.75,12,48,2,0,1,1,0,1,1,0,0,0,0,0,0,0,1,0,0,1,1.558145,2304,4
6.25,13,6,5,0,1,1,1,1,1,0,0,0,0,0,0,0,1,1,0,0,1.832582,36,25
6,13,8,0,0,0,1,2,1,1,0,0,0,0,0,0,0,1,0,0,1,1.791759,64,0
15.38,13,25,21,0,0,1,2,1,1,0,0,0,0,0,0,0,1,1,0,0,2.733068,625,441
14.58,18,13,7,0,1,0,0,1,1,0,0,0,0,0,0,0,1,1,0,0,2.679651,169,49
12.5,12,8,1,0,0,0,0,1,1,0,0,0,0,0,0,0,0,0,0,0,2.5257289,64,1
5.25,12,19,10,0,1,1,2,1,1,0,0,0,0,1,0,0,0,0,1,0,1.658228,361,100
2.1700001,13,1,4,0,1,0,1,1,1,0,0,0,1,0,0,0,0,0,0,1,0.77472723,1,16
7.1399999,12,43,5,0,1,0,0,1,1,0,0,0,0,0,0,0,0,0,0,0,1.965713,1849,25
6.2199998,12,19,9,0,1,1,1,1,1,0,0,0,0,0,0,0,1,0,1,0,1.82777,361,81
9,12,11,5,0,1,1,0,1,1,0,0,0,0,0,0,0,1,1,0,0,2.1972251,121,25
10,14,43,4,0,0,1,0,1,1,0,0,0,0,0,0,0,1,1,0,0,2.3025849,1849,16
5.77,10,44,3,0,0,1,0,1,1,0,0,0,0,0,0,0,1,1,0,0,1.752672,1936,9
4,12,22,11,0,1,1,2,1,1,0,0,0,1,0,0,0,0,0,0,0,1.386294,484,121
8.75,16,3,2,0,0,1,1,1,1,0,0,0,1,0,0,0,0,1,0,0,2.169054,9,4
6.5300002,16,3,2,0,1,0,0,1,1,0,0,0,0,0,0,0,1,1,0,0,1.876407,9,4
7.5999999,12,41,11,0,1,0,0,1,1,0,0,0,0,0,0,0,1,1,0,0,2.0281479,1681,121
5,14,5,0,0,0,0,0,1,1,0,0,0,0,0,1,0,0,0,0,0,1.6094379,25,0
5,12,14,11,0,1,0,0,1,1,0,0,0,0,0,0,0,1,0,0,1,1.6094379,196,121
21.860001,12,24,16,0,0,1,3,1,1,0,0,0,0,0,1,0,0,1,0,0,3.0846591,576,256
8.6400003,12,28,8,0,0,1,0,1,1,0,0,0,1,0,0,0,0,1,0,0,2.1564031,784,64
3.3,12,25,8,0,0,1,1,1,1,0,0,0,0,0,1,0,0,0,0,0,1.193922,625,64
4.4400001,12,3,0,0,0,0,0,1,1,0,0,0,0,0,1,0,0,1,0,0,1.490654,9,0
4.5500002,12,11,0,0,0,1,0,0,1,0,0,0,0,0,0,0,0,0,0,0,1.5151269,121,0
3.5,12,7,6,1,1,1,0,0,1,0,0,0,0,0,0,0,0,0,0,0,1.252763,49,36
6.25,16,9,2,0,0,1,1,0,1,0,0,0,0,0,0,0,1,1,0,0,1.832582,81,4
3.8499999,16,5,0,0,0,1,0,1,1,0,0,0,0,0,1,0,0,0,0,0,1.348073,25,0
6.1799998,14,9,3,0,1,1,0,1,1,0,0,0,0,0,0,0,1,1,0,0,1.821318,81,9
2.9100001,11,1,0,0,1,0,3,1,1,0,0,0,0,0,0,1,0,1,0,0,1.068153,1,0
6.25,16,2,1,1,1,0,0,1,1,0,0,0,0,0,1,0,0,1,0,0,1.832582,4,1
6.25,12,13,0,0,1,1,0,1,1,0,0,0,0,0,0,0,1,0,1,0,1.832582,169,0
9.0500002,12,10,2,0,0,1,3,1,1,0,0,1,0,0,0,0,0,1,0,0,2.202765,100,4
10,17,5,3,0,0,1,0,1,1,0,0,0,0,0,0,0,0,1,0,0,2.3025849,25,9
11.11,12,30,8,0,0,1,0,1,1,0,0,0,0,0,1,0,0,1,0,0,2.407845,900,64
6.8800001,12,31,19,0,0,1,3,1,1,0,0,0,0,0,0,0,1,0,0,1,1.928619,961,361
8.75,16,1,2,1,0,0,0,1,1,0,0,0,0,0,0,0,0,1,0,0,2.169054,1,4
10,8,9,0,0,0,1,0,1,1,0,0,1,0,0,0,0,0,0,0,0,2.3025849,81,0
3.05,12,10,0,0,1,1,2,1,1,0,0,0,0,0,1,0,0,0,0,0,1.115142,100,0
3,12,38,0,0,1,1,0,0,1,0,0,0,0,0,0,1,0,0,1,0,1.098612,1444,0
5.8000002,12,19,6,0,1,1,2,0,1,0,0,0,1,0,0,0,0,0,0,0,1.757858,361,36
4.0999999,16,5,0,0,1,1,0,1,1,0,0,0,0,0,0,0,1,1,0,0,1.410987,25,0
8,12,26,2,0,0,1,1,1,1,0,0,0,0,0,0,0,0,0,0,0,2.079442,676,4
6.1500001,12,35,12,0,1,0,0,1,1,0,0,0,0,0,1,0,0,0,0,0,1.816452,1225,144
2.7,9,2,0,0,1,0,1,1,1,0,0,0,0,0,1,0,0,0,1,0,0.9932518,4,0
2.75,13,1,2,0,1,0,1,1,1,0,0,0,0,0,0,0,1,0,0,1,1.011601,1,4
3,16,19,10,0,1,1,0,1,1,0,0,0,0,0,1,0,0,0,1,0,1.098612,361,100
3,14,3,2,0,1,0,0,1,1,0,0,0,0,0,0,0,1,0,0,1,1.098612,9,4
7.3600001,8,36,24,0,0,1,3,1,1,0,0,0,0,0,0,0,0,0,0,0,1.99606,1296,576
7.5,14,29,24,0,0,1,1,1,1,0,0,0,0,0,0,0,0,1,0,0,2.0149031,841,576
3.5,13,1,2,0,0,0,3,1,1,0,0,0,0,0,1,0,0,0,0,0,1.252763,1,4
8.1000004,12,38,3,0,1,1,1,1,1,0,0,0,0,0,0,0,1,1,0,0,2.0918641,1444,9
3.75,18,1,2,0,0,0,1,1,1,0,0,0,0,0,0,0,1,1,0,0,1.321756,1,4
3.25,9,29,0,1,0,1,1,1,1,0,0,0,0,0,0,0,0,0,0,0,1.178655,841,0
5.8299999,8,36,15,0,1,1,0,0,0,0,0,0,0,0,0,0,1,0,1,0,1.7630171,1296,225
3.5,8,4,0,0,0,0,3,1,0,0,0,0,0,0,1,0,0,0,0,1,1.252763,16,0
3.3299999,12,45,4,0,1,1,0,0,0,0,0,0,0,0,1,0,0,0,0,0,1.2029721,2025,16
4,14,22,3,0,1,0,0,1,0,0,0,1,0,0,0,0,0,0,1,0,1.386294,484,9
3.5,12,20,4,0,1,1,2,0,0,0,0,0,0,0,0,0,1,0,1,0,1.252763,400,16
6.25,16,5,0,0,0,1,0,1,0,0,0,0,1,0,0,0,0,1,0,0,1.832582,25,0
2.95,8,15,2,1,1,1,1,1,0,0,0,0,1,0,0,0,0,0,0,0,1.081805,225,4
5.71,13,10,2,0,1,1,0,1,0,0,0,0,0,0,1,0,0,1,0,0,1.742219,100,4
3,9,3,0,0,1,0,0,1,0,0,0,0,0,0,0,1,0,0,0,0,1.098612,9,0
22.860001,16,16,7,0,0,1,2,1,0,0,0,0,0,0,0,0,0,1,0,0,3.129389,256,49
9,12,38,1,0,0,1,0,1,0,0,0,0,0,0,0,0,1,1,0,0,2.1972251,1444,1
8.3299999,15,33,26,0,0,1,1,1,0,0,0,0,0,0,0,0,1,1,0,0,2.119864,1089,676
3,11,2,0,0,0,0,0,1,0,0,0,0,0,0,1,0,0,0,0,0,1.098612,4,0
5.75,14,6,5,0,0,1,0,1,0,0,0,0,0,0,1,0,0,1,0,0,1.7492,36,25
6.7600002,12,19,3,1,0,1,2,1,0,0,0,0,1,0,0,0,0,0,0,0,1.911023,361,9
10,12,29,0,0,0,1,2,1,0,0,0,0,0,0,0,0,1,0,1,0,2.3025849,841,0
3,12,2,0,0,0,0,0,1,0,0,0,1,0,0,0,0,0,0,0,0,1.098612,4,0
3.5,18,3,1,0,1,0,0,1,0,0,0,0,0,1,0,0,0,1,0,0,1.252763,9,1
3.25,12,4,0,0,0,0,0,1,0,0,0,0,0,0,0,1,0,0,0,0,1.178655,16,0
4,12,10,1,1,1,0,0,1,0,0,0,0,0,0,0,0,1,0,1,0,1.386294,100,1
2.9200001,12,4,0,0,1,0,1,0,0,1,0,0,0,0,1,0,0,1,0,0,1.071584,16,0
3.0599999,12,14,10,1,1,0,3,0,0,1,0,0,0,0,1,0,0,0,0,0,1.118415,196,100
3.2,12,15,5,0,1,1,1,0,0,1,0,0,0,0,0,0,1,1,0,0,1.163151,225,25
4.75,12,19,0,0,0,1,3,0,0,1,0,0,0,0,0,0,0,0,0,0,1.558145,361,0
3,14,17,0,0,1,1,4,1,0,1,0,0,0,0,0,1,0,0,1,0,1.098612,289,0
18.16,16,29,7,0,0,1,1,1,0,1,0,0,1,0,0,0,0,1,0,0,2.8992209,841,49
3.5,12,2,0,0,1,0,2,1,0,1,0,0,0,1,0,0,0,0,1,0,1.252763,4,0
4.1100001,14,5,0,0,0,0,0,0,0,1,0,0,0,0,0,0,1,1,0,0,1.4134229,25,0
1.96,11,38,3,1,1,0,0,0,0,1,0,0,0,0,0,1,0,0,0,0,0.67294449,1444,9
4.29,12,3,0,0,1,0,0,0,0,1,0,0,0,0,1,0,0,0,0,1,1.456287,9,0
3,10,47,0,0,0,0,0,0,0,1,0,0,0,0,0,1,0,0,0,1,1.098612,2209,0
6.4499998,12,7,6,0,0,1,0,0,0,1,0,0,0,0,1,0,0,0,0,0,1.86408,49,36
5.1999998,6,47,13,1,0,1,0,1,0,1,0,1,0,0,0,0,0,0,0,0,1.648659,2209,169
4.5,13,23,2,1,1,0,0,1,0,1,0,0,0,0,1,0,0,1,0,0,1.504077,529,4
3.8800001,12,12,3,0,0,1,3,1,0,1,0,0,0,0,1,0,0,0,1,0,1.355835,144,9
3.45,10,11,0,0,1,0,2,1,0,1,0,0,0,0,1,0,0,0,0,1,1.238374,121,0
10.91,12,25,23,0,0,0,0,1,0,1,0,0,0,1,0,0,0,0,0,0,2.3896799,625,529
4.0999999,14,6,0,0,1,1,0,1,0,1,0,0,0,0,0,1,0,0,0,1,1.410987,36,0
3,13,3,1,0,0,0,0,1,0,1,0,0,0,0,1,0,0,0,0,0,1.098612,9,1
5.9000001,12,14,7,1,0,1,2,1,0,1,0,0,0,0,0,1,0,0,0,0,1.7749521,196,49
18,18,13,0,0,1,0,0,1,0,1,0,0,0,0,0,0,1,1,0,0,2.890372,169,0
4,12,9,0,0,0,0,0,1,0,1,0,0,0,0,0,0,1,1,0,0,1.386294,81,0
3,12,1,0,1,0,0,0,1,0,1,0,0,0,0,0,1,0,0,0,0,1.098612,1,0
3.55,12,6,0,0,1,1,1,0,0,0,0,0,0,0,0,0,0,0,0,0,1.266948,36,0
3,12,11,1,0,1,1,2,0,0,0,0,0,0,0,0,1,0,0,0,1,1.098612,121,1
8.75,12,47,44,0,0,1,0,0,0,0,0,0,0,0,0,0,0,0,0,0,2.169054,2209,1936
2.9000001,8,49,6,0,1,0,1,0,0,0,0,0,1,0,0,0,0,0,0,0,1.064711,2401,36
6.2600002,13,37,17,0,1,1,0,1,0,0,0,0,0,0,0,0,1,1,0,0,1.83418,1369,289
3.5,13,2,0,0,1,0,0,1,0,0,0,0,0,0,1,0,0,1,0,0,1.252763,4,0
4.5999999,14,7,0,0,1,1,0,1,0,0,0,0,0,0,1,0,0,0,1,0,1.5260561,49,0
6,12,22,8,0,0,0,2,1,0,0,0,0,0,0,1,0,0,1,0,0,1.791759,484,64
2.8900001,10,8,0,0,1,0,1,1,0,0,0,0,0,0,0,0,0,0,0,0,1.061257,64,0
5.5799999,16,1,1,0,0,1,0,1,0,0,0,0,0,0,0,0,1,0,1,0,1.719189,1,1
4,12,43,6,0,1,1,0,0,0,0,0,0,0,1,0,0,0,0,0,0,1.386294,1849,36
6,16,2,2,0,0,0,0,1,0,0,0,0,1,0,0,0,0,0,0,0,1.791759,4,4
4.5,12,2,1,0,1,0,2,1,0,0,0,1,0,0,0,0,0,0,0,0,1.504077,4,1
2.9200001,14,1,3,0,0,0,0,1,0,0,0,0,0,0,0,0,1,0,1,0,1.071584,1,9
4.3299999,18,1,0,0,0,0,0,1,0,0,0,0,0,0,1,0,0,1,0,0,1.465567,1,0
18.889999,17,26,20,0,0,1,2,1,0,0,0,0,0,0,0,0,1,1,0,0,2.938633,676,400
4.2800002,13,1,1,0,1,0,2,1,0,0,0,0,0,0,1,0,0,1,0,0,1.453953,1,1
4.5700002,14,37,7,0,1,1,0,1,0,0,0,0,0,0,0,1,0,0,0,1,1.519513,1369,49
6.25,15,12,4,0,1,1,2,1,0,0,0,0,0,0,0,0,1,1,0,0,1.832582,144,16
2.95,14,41,23,1,0,1,0,0,1,0,0,0,0,0,0,0,1,1,0,0,1.081805,1681,529
8.75,12,24,1,0,0,0,0,1,1,0,0,0,1,0,0,0,0,1,0,0,2.169054,576,1
8.5,8,38,26,0,0,0,0,1,1,0,0,0,0,0,0,0,0,0,0,0,2.1400659,1444,676
3.75,12,18,0,0,1,1,4,1,1,0,0,0,0,0,0,0,1,0,1,0,1.321756,324,0
3.1500001,12,26,1,0,0,1,0,1,1,0,0,0,0,0,1,0,0,1,0,0,1.147403,676,1
5,8,45,2,0,0,0,0,0,1,0,0,0,1,0,0,0,0,0,0,0,1.6094379,2025,4
6.46,12,27,0,0,0,1,3,0,1,0,0,0,0,0,0,0,0,0,0,0,1.865629,729,0
2,9,2,0,0,0,0,3,0,1,0,0,0,0,0,1,0,0,0,0,1,0.69314718,4,0
4.79,12,41,8,0,0,1,0,1,1,0,0,0,0,0,1,0,0,1,0,0,1.56653,1681,64
5.7800002,16,11,4,0,0,1,2,1,1,0,0,0,1,0,0,0,0,1,0,0,1.7544039,121,16
3.1800001,12,5,0,0,1,1,0,1,1,0,0,0,0,0,0,0,1,0,0,1,1.156881,25,0
4.6799998,16,3,1,0,1,0,0,1,1,0,0,0,0,0,0,0,1,1,0,0,1.543298,9,1
4.0999999,12,3,2,0,1,0,0,1,1,0,0,0,0,0,0,0,1,0,0,1,1.410987,9,4
2.9100001,12,4,0,0,0,1,0,1,0,1,0,0,0,0,1,0,0,0,0,0,1.068153,16,0
6,13,21,13,0,0,1,4,0,0,1,0,0,1,0,0,0,0,0,0,0,1.791759,441,169
3.5999999,10,34,26,0,1,1,0,0,0,1,0,0,1,0,0,0,0,0,0,0,1.280934,1156,676
3.95,6,49,6,0,0,1,6,0,0,1,0,0,0,0,0,0,0,0,0,0,1.373716,2401,36
7,12,6,5,1,0,1,1,0,0,1,0,1,0,0,0,0,0,0,0,0,1.94591,36,25
3,12,26,9,0,1,1,0,0,0,1,0,0,0,0,0,1,0,0,0,1,1.098612,676,81
6.0799999,16,9,0,0,0,0,0,0,0,1,0,0,0,0,0,1,0,1,0,0,1.805005,81,0
8.6300001,12,23,9,0,0,1,1,0,0,1,0,0,1,0,0,0,0,0,0,0,2.1552451,529,81
3,8,33,2,0,0,1,0,0,0,1,0,0,1,0,0,0,0,0,0,0,1.098612,1089,4
3.75,12,5,2,0,1,1,1,0,0,1,0,0,0,0,0,0,1,0,1,0,1.321756,25,4
2.9000001,6,49,7,0,0,1,0,0,0,1,0,0,0,0,0,0,0,0,0,1,1.064711,2401,49
3,4,48,0,1,0,1,0,0,0,1,0,0,1,0,0,0,0,0,0,0,1.098612,2304,0
6.25,11,35,31,0,0,1,0,1,0,1,0,0,0,0,1,0,0,0,0,0,1.832582,1225,961
3.5,11,23,2,1,1,0,2,0,0,1,0,0,1,0,0,0,0,0,0,0,1.252763,529,4
3,7,26,1,0,1,0,3,0,0,1,0,0,0,0,1,0,0,0,0,1,1.098612,676,1
3.24,12,16,0,0,1,1,2,1,0,1,0,0,0,0,1,0,0,0,1,0,1.175573,256,0
8.0200005,18,23,3,0,1,1,1,1,0,1,0,0,0,0,0,0,1,1,0,0,2.081939,529,9
3.3299999,12,36,8,0,1,1,1,1,0,1,0,0,0,0,0,0,1,0,1,0,1.2029721,1296,64
5.25,16,4,0,0,0,0,0,1,0,1,0,0,1,0,0,0,0,1,0,0,1.658228,16,0
6.25,12,10,0,0,0,1,3,1,0,1,0,1,0,0,0,0,0,0,0,0,1.832582,100,0
3.5,14,18,2,0,0,1,1,0,1,0,0,0,0,0,1,0,0,1,0,0,1.252763,324,4
2.95,12,3,1,0,0,0,1,0,1,0,0,0,0,0,1,0,0,0,0,0,1.081805,9,1
3,10,7,0,0,1,1,2,0,1,0,0,0,0,0,0,0,1,0,0,1,1.098612,49,0
4.6900001,10,7,7,0,0,0,0,0,1,0,0,0,0,0,0,0,0,0,0,0,1.545433,49,49
3.73,9,33,2,0,1,0,1,0,1,0,0,0,0,0,0,0,0,0,0,0,1.316408,1089,4
4,10,34,12,0,0,1,0,0,1,0,0,0,0,0,0,0,0,0,0,0,1.386294,1156,144
4,12,8,0,0,1,1,2,0,1,0,0,0,0,0,1,0,0,1,0,0,1.386294,64,0
2.9000001,12,17,1,0,1,1,2,0,1,0,0,0,1,0,0,0,0,0,0,0,1.064711,289,1
3.05,12,2,0,0,1,0,1,0,1,0,0,0,0,0,0,0,1,0,0,1,1.115142,4,0
5.0500002,10,5,0,0,1,0,0,1,1,0,0,0,0,0,0,0,1,0,1,0,1.619388,25,0
13.95,16,41,16,0,0,1,0,1,1,0,0,0,1,0,0,0,0,1,0,0,2.635479,1681,256
18.16,16,35,28,0,0,1,1,1,1,0,0,0,1,0,0,0,0,1,0,0,2.8992209,1225,784
6.25,16,11,4,0,0,0,0,1,1,0,0,0,0,0,0,1,0,1,0,0,1.832582,121,16
5.25,12,4,0,1,0,0,0,1,1,0,0,0,1,0,0,0,0,0,1,0,1.658228,16,0
4.79,12,12,3,0,1,1,3,1,1,0,0,0,0,0,0,0,1,1,0,0,1.56653,144,9
3.3499999,7,35,0,0,1,0,1,1,0,1,0,0,0,0,0,0,0,0,0,0,1.2089601,1225,0
3,8,33,0,0,0,1,1,1,0,1,0,0,0,1,0,0,0,0,0,0,1.098612,1089,0
8.4300003,16,8,6,0,0,1,0,1,0,1,0,0,1,0,0,0,0,1,0,0,2.1317971,64,36
5.6999998,16,2,0,0,0,0,0,1,0,1,0,0,0,0,1,0,0,1,0,0,1.740466,4,0
11.98,18,8,10,0,0,1,2,1,0,1,0,0,0,1,0,0,0,1,0,0,2.483238,64,100
3.5,13,29,1,0,1,1,0,0,0,1,0,0,0,0,0,0,1,0,1,0,1.252763,841,1
4.2399998,10,14,5,1,0,1,1,0,0,1,0,0,0,0,1,0,0,0,0,0,1.444563,196,25
7,16,26,3,0,1,1,1,1,0,1,0,0,0,0,0,0,1,1,0,0,1.94591,676,9
6,14,11,3,0,1,1,2,1,0,1,0,0,0,0,0,0,1,0,1,0,1.791759,121,9
12.22,16,10,2,0,0,0,0,1,0,1,0,0,0,0,0,0,1,1,0,0,2.5030739,100,4
4.5,12,13,0,0,0,1,0,1,0,1,0,0,0,0,1,0,0,0,0,0,1.504077,169,0
3,9,23,20,0,1,1,2,0,0,1,0,0,1,0,0,0,0,0,0,0,1.098612,529,400
2.9000001,11,1,2,1,0,0,2,0,0,1,0,0,0,0,1,0,0,0,0,1,1.064711,1,4
15,11,35,31,0,0,1,0,0,0,1,0,0,1,0,0,0,0,0,0,0,2.70805,1225,961
4,12,5,2,0,0,1,0,0,0,1,0,1,0,0,0,0,0,0,0,0,1.386294,25,4
5.25,11,13,11,0,0,1,2,0,0,1,0,0,1,0,0,0,0,0,0,0,1.658228,169,121
4,12,22,3,0,0,1,3,0,0,1,0,0,1,0,0,0,0,0,0,0,1.386294,484,9
3.3,12,21,9,0,1,1,2,0,0,1,0,0,0,0,1,0,0,1,0,0,1.193922,441,81
5.0500002,12,19,0,0,1,1,3,0,0,1,0,0,0,0,0,0,1,0,1,0,1.619388,361,0
3.5799999,12,13,0,0,0,0,0,1,0,1,0,0,0,0,0,1,0,0,0,0,1.275363,169,0
5,14,15,5,0,0,1,2,0,0,1,0,0,0,0,1,0,0,1,0,0,1.6094379,225,25
4.5700002,14,3,0,0,0,1,0,0,0,1,0,0,0,0,0,0,1,1,0,0,1.519513,9,0
12.5,18,6,2,0,0,0,0,1,0,1,0,0,0,0,0,1,0,0,1,0,2.5257289,36,4
3.45,12,6,5,0,1,1,0,1,0,1,0,0,0,0,1,0,0,0,1,0,1.238374,36,25
4.6300001,12,16,1,0,1,0,0,1,0,1,0,0,0,0,0,0,1,0,1,0,1.532557,256,1
10,12,31,2,0,0,1,0,1,0,1,0,0,0,0,1,0,0,1,0,0,2.3025849,961,4
2.9200001,11,1,0,0,1,0,1,0,1,0,0,0,0,0,1,0,0,0,0,1,1.071584,1,0
4.5100002,12,5,2,0,0,0,0,1,1,0,0,0,0,0,1,0,0,0,0,0,1.506297,25,4
6.5,17,3,0,0,0,1,0,1,1,0,0,0,0,0,0,0,1,1,0,0,1.871802,9,0
7.5,16,11,0,0,0,1,0,1,1,0,0,0,0,0,0,1,0,1,0,0,2.0149031,121,0
3.54,13,6,7,0,1,1,0,0,1,0,0,0,0,0,0,0,1,0,1,0,1.264127,36,49
4.1999998,13,11,3,0,1,1,2,1,1,0,0,0,0,0,1,0,0,0,1,0,1.435084,121,9
3.51,12,7,2,0,1,1,0,1,1,0,0,0,0,0,1,0,0,0,1,0,1.2556159,49,4
4.5,14,5,0,0,0,1,0,1,1,0,0,1,0,0,0,0,0,1,0,0,1.504077,25,0
3.3499999,14,5,4,0,1,1,0,1,1,0,0,0,0,0,1,0,0,1,0,0,1.2089601,25,16
2.9100001,11,2,2,0,0,0,2,1,1,0,0,0,0,0,1,0,0,0,0,1,1.068153,4,4
5.25,10,44,7,0,0,1,1,1,1,0,0,0,0,0,0,0,0,0,0,0,1.658228,1936,49
4.0500002,8,44,25,0,0,1,0,1,1,0,0,0,1,0,0,0,0,0,0,1,1.398717,1936,625
3.75,14,13,0,0,1,1,3,1,1,0,0,0,0,0,1,0,0,0,1,0,1.321756,169,0
3.4000001,12,26,15,0,1,1,1,1,1,0,0,1,0,0,0,0,0,0,1,0,1.223776,676,225
3,10,2,1,0,1,0,1,1,0,1,0,0,0,0,1,0,0,0,1,0,1.098612,4,1
6.29,17,10,3,0,0,1,1,1,0,1,0,0,0,0,0,1,0,1,0,0,1.838961,100,9
2.54,9,2,0,0,1,0,1,1,0,1,0,0,0,0,1,0,0,0,0,1,0.93216407,4,0
4.5,12,35,0,0,1,1,1,1,0,1,0,0,0,0,1,0,0,0,1,0,1.504077,1225,0
3.1300001,12,6,5,0,1,1,1,1,0,1,0,0,0,0,0,0,1,0,1,0,1.1410331,36,25
6.3600001,14,8,1,0,0,1,0,1,0,1,0,0,0,0,1,0,0,1,0,0,1.850028,64,1
4.6799998,16,1,0,0,0,0,0,1,0,1,0,0,1,0,0,0,0,1,0,0,1.543298,1,0
6.8000002,12,14,10,0,0,1,2,0,0,1,0,0,1,0,0,0,0,0,0,0,1.916923,196,100
8.5299997,10,14,6,0,0,1,0,0,0,1,0,0,0,0,0,0,0,0,0,0,2.143589,196,36
4.1700001,0,22,10,0,1,0,0,0,0,1,0,0,0,0,0,1,0,0,0,0,1.427916,484,100
3.75,14,8,4,0,1,1,0,0,0,1,0,0,0,1,0,0,0,1,0,0,1.321756,64,16
11.1,15,1,4,0,1,0,2,0,0,1,0,0,0,0,0,0,1,0,1,0,2.406945,1,16
3.26,16,15,5,1,1,1,2,1,0,1,0,0,0,0,1,0,0,1,0,0,1.1817271,225,25
9.1300001,12,14,12,0,0,1,3,1,0,1,0,0,1,0,0,0,0,1,0,0,2.211566,196,144
4.5,11,37,10,0,0,1,2,1,0,1,0,0,1,0,0,0,0,0,0,0,1.504077,1369,100
3,11,1,1,0,1,0,1,1,0,1,0,0,0,0,0,0,1,0,0,1,1.098612,1,1
8.75,12,4,4,0,0,1,0,1,0,1,0,0,0,0,0,0,1,0,1,0,2.169054,16,16
4.1399999,13,29,0,0,1,1,0,1,0,1,0,0,0,0,1,0,0,0,1,0,1.420696,841,0
2.8699999,12,45,8,0,1,1,0,0,1,0,0,0,0,0,1,0,0,1,0,0,1.054312,2025,64
3.3499999,13,22,0,0,1,0,2,0,1,0,0,0,0,0,1,0,0,0,1,0,1.2089601,484,0
6.0799999,16,42,10,0,0,0,0,0,1,0,0,0,0,0,1,0,0,1,0,0,1.805005,1764,100
3,15,9,0,1,0,0,0,0,1,0,0,0,0,0,0,1,0,0,0,0,1.098612,81,0
4.1999998,16,8,0,0,1,1,1,1,1,0,0,0,0,0,0,0,1,0,1,0,1.435084,64,0
5.5999999,15,31,15,0,1,0,2,1,1,0,0,0,0,0,0,0,1,0,0,1,1.722767,961,225
10,12,24,24,0,0,1,0,1,1,0,0,0,1,0,0,0,0,0,0,0,2.3025849,576,576
12.5,18,16,5,0,0,1,1,1,1,0,0,0,0,0,0,0,1,1,0,0,2.5257289,256,25
3.76,6,6,0,0,0,0,4,0,0,1,0,0,0,0,0,0,0,0,0,0,1.324419,36,0
3.0999999,6,14,0,1,1,0,5,1,0,1,0,0,0,0,1,0,0,0,1,0,1.131402,196,0
4.29,12,47,25,0,1,1,2,1,0,1,0,0,1,0,0,0,0,0,1,0,1.456287,2209,625
10.92,12,34,5,0,0,1,0,0,0,1,0,0,0,0,0,0,1,1,0,0,2.3905959,1156,25
7.5,16,6,2,0,1,1,1,1,0,1,0,0,0,0,0,0,1,1,0,0,2.0149031,36,4
4.0500002,9,7,4,0,1,1,1,1,0,1,0,0,0,0,0,0,0,0,0,0,1.398717,49,16
4.6500001,12,27,2,0,0,1,3,1,0,1,0,0,0,0,0,0,0,0,0,1,1.536867,729,4
5,11,24,5,0,0,1,0,1,0,1,0,0,0,0,1,0,0,0,0,0,1.6094379,576,25
2.9000001,10,18,0,0,1,1,2,0,0,1,0,0,0,0,1,0,0,0,1,0,1.064711,324,0
8,12,12,3,1,1,0,1,0,0,1,0,0,0,0,0,0,0,0,0,0,2.079442,144,9
8.4300003,8,27,3,0,0,1,3,1,0,1,0,0,1,0,0,0,0,0,0,0,2.1317971,729,9
2.9200001,9,49,0,0,1,0,0,1,0,1,0,0,0,0,0,1,0,0,0,0,1.071584,2401,0
6.25,17,4,0,0,1,0,0,1,0,0,1,0,0,0,1,0,0,1,0,0,1.832582,16,0
6.25,16,24,2,0,1,1,2,1,0,0,1,0,0,0,0,0,1,1,0,0,1.832582,576,4
5.1100001,11,3,0,0,0,0,0,1,0,0,1,1,0,0,0,0,0,0,0,0,1.631199,9,0
4,10,2,0,0,1,0,1,1,0,0,1,0,0,0,0,1,0,0,0,0,1.386294,4,0
4.4400001,8,29,11,0,0,1,3,0,0,1,0,0,0,0,1,0,0,1,0,0,1.490654,841,121
6.8800001,13,34,21,0,0,1,0,0,0,1,0,0,0,0,0,1,0,1,0,0,1.928619,1156,441
5.4299998,14,10,3,1,0,1,1,1,0,1,0,0,0,0,1,0,0,1,0,0,1.691939,100,9
3,13,5,0,0,1,0,1,1,0,1,0,0,0,0,0,0,1,0,0,1,1.098612,25,0
2.9000001,11,2,0,0,1,0,2,1,0,1,0,0,0,0,1,0,0,1,0,0,1.064711,4,0
6.25,7,39,21,1,0,1,0,1,0,1,0,0,0,0,1,0,0,0,0,0,1.832582,1521,441
4.3400002,16,5,2,1,1,0,0,1,0,1,0,0,0,0,0,0,1,0,1,0,1.4678741,25,4
3.25,12,14,2,0,1,1,2,0,0,1,0,0,0,1,0,0,0,0,1,0,1.178655,196,4
7.2600002,13,8,2,0,0,0,0,1,0,1,0,0,0,0,1,0,0,1,0,0,1.98238,64,4
6.3499999,14,10,1,0,1,1,2,1,0,1,0,0,0,0,0,0,0,0,0,0,1.848455,100,1
5.6300001,16,2,2,0,0,1,0,1,0,0,0,0,0,0,1,0,0,0,0,1,1.728109,4,4
8.75,14,9,3,0,0,1,1,1,0,0,0,0,1,0,0,0,0,1,0,0,2.169054,81,9
3.2,11,1,0,0,0,0,0,0,0,0,0,0,0,0,1,0,0,0,0,1,1.163151,1,0
3,8,45,1,0,1,1,0,0,0,0,0,0,0,0,0,0,0,0,0,0,1.098612,2025,1
3,14,33,3,0,1,1,0,1,0,0,0,0,0,0,0,0,1,0,0,1,1.098612,1089,9
12.5,17,21,18,0,0,1,3,1,0,0,0,0,0,0,0,0,0,1,0,0,2.5257289,441,324
2.8800001,10,2,0,0,1,0,3,1,0,0,0,0,0,0,1,0,0,0,1,0,1.05779,4,0
3.3499999,12,9,1,0,0,1,0,1,1,0,0,0,0,0,1,0,0,0,0,0,1.2089601,81,1
6.5,12,33,2,0,0,1,0,0,1,0,0,0,0,0,0,0,0,0,0,0,1.871802,1089,4
10.38,18,16,2,1,0,1,1,1,1,0,0,0,0,0,0,0,1,1,0,0,2.3398809,256,4
4.5,14,10,0,0,0,1,0,1,1,0,0,0,0,0,0,0,1,0,0,0,1.504077,100,0
10,18,9,8,0,0,0,0,0,1,0,0,0,0,1,0,0,0,1,0,0,2.3025849,81,64
3.8099999,12,8,1,0,1,1,2,0,1,0,0,0,0,0,0,1,0,0,0,1,1.337629,64,1
8.8000002,16,9,1,0,0,1,0,0,0,1,0,0,0,0,0,0,1,1,0,0,2.174752,81,1
9.4200001,14,23,0,0,1,1,2,0,0,1,0,0,0,0,0,1,0,0,0,0,2.242835,529,0
6.3299999,12,23,8,0,0,1,2,0,0,1,0,0,0,0,0,0,0,1,0,0,1.8453,529,64
4,9,22,18,1,0,0,0,0,0,1,0,0,0,0,0,0,0,0,0,0,1.386294,484,324
2.9000001,12,37,0,0,1,1,0,0,0,1,0,0,0,0,1,0,0,1,0,0,1.064711,1369,0
20,12,22,4,0,0,1,1,0,0,1,0,0,0,0,1,0,0,1,0,0,2.9957321,484,16
11.25,17,28,25,0,0,1,1,1,0,1,0,0,1,0,0,0,0,0,0,0,2.420368,784,625
3.5,12,14,0,1,1,0,2,1,0,1,0,1,0,0,0,0,0,0,0,0,1.252763,196,0
6,15,19,4,0,1,1,2,1,0,1,0,0,0,0,0,0,1,0,0,1,1.791759,361,16
14.38,17,10,9,1,0,1,1,0,0,1,0,0,1,0,0,0,0,1,0,0,2.665838,100,81
6.3600001,16,25,0,0,0,1,1,1,0,1,0,0,1,0,0,0,0,1,0,0,1.850028,625,0
3.55,12,21,0,0,1,1,1,0,0,1,0,0,1,0,0,0,0,0,0,0,1.266948,441,0
3,15,32,0,0,0,1,0,1,0,1,0,0,0,0,0,1,0,0,0,1,1.098612,1024,0
4.5,16,21,10,0,0,1,1,1,0,1,0,0,0,0,1,0,0,1,0,0,1.504077,441,100
6.6300001,12,36,0,0,1,0,0,1,0,1,0,0,0,0,1,0,0,0,1,0,1.891605,1296,0
9.3000002,15,2,2,0,0,1,0,1,0,1,0,0,0,0,1,0,0,0,0,0,2.2300141,4,4
3,12,11,0,0,1,1,2,1,0,1,0,0,0,0,1,0,0,1,0,0,1.098612,121,0
3.25,12,40,2,0,1,0,0,0,1,0,0,0,0,0,1,0,0,0,0,1,1.178655,1600,4
1.5,12,11,1,0,1,1,2,0,1,0,0,0,0,0,0,0,1,0,0,1,0.4054651,121,1
5.9000001,12,9,7,0,1,1,1,1,1,0,0,0,0,0,0,0,0,0,0,0,1.7749521,81,49
8,16,23,4,0,0,0,0,1,1,0,0,0,0,0,1,0,0,1,0,0,2.079442,529,16
2.9000001,11,1,0,0,1,0,1,1,1,0,0,0,0,0,1,0,0,1,0,0,1.064711,1,0
3.29,14,30,13,0,0,0,0,1,1,0,0,0,0,0,1,0,0,1,0,0,1.190888,900,169
6.5,14,41,33,0,0,1,0,1,1,0,0,0,0,0,1,0,0,1,0,0,1.871802,1681,1089
4,13,6,0,0,1,0,1,1,1,0,0,1,0,0,0,0,0,0,1,0,1.386294,36,0
6,14,11,0,0,0,1,0,0,1,0,0,0,0,0,1,0,0,0,0,0,1.791759,121,0
4.0799999,12,43,17,0,1,1,0,1,1,0,0,0,0,0,0,0,1,0,1,0,1.4060971,1849,289
3.75,12,39,2,0,1,1,0,1,1,0,0,0,0,0,0,1,0,1,0,0,1.321756,1521,4
3.05,8,50,24,0,1,0,0,0,0,1,0,0,1,0,0,0,0,0,0,0,1.115142,2500,576
3.5,12,26,20,0,1,1,0,0,0,1,0,0,1,0,0,0,0,0,0,0,1.252763,676,400
2.9200001,3,51,30,1,0,0,0,1,0,1,0,0,0,0,0,1,0,0,0,1,1.071584,2601,900
4.5,11,3,9,0,0,0,0,1,0,1,0,1,0,0,0,0,0,0,0,0,1.504077,9,81
3.3499999,15,3,1,0,1,1,2,1,0,1,0,0,0,0,0,1,0,0,1,0,1.2089601,9,1
5.9499998,11,15,9,1,0,1,1,0,0,1,0,1,0,0,0,0,0,0,0,0,1.783391,225,81
8,12,17,6,0,0,1,2,0,0,1,0,0,0,0,1,0,0,1,0,0,2.079442,289,36
3,4,36,0,0,0,1,1,0,0,1,0,1,0,0,0,0,0,0,0,0,1.098612,1296,0
5,9,31,9,1,0,1,6,0,0,1,0,0,0,0,0,0,0,0,0,0,1.6094379,961,81
5.5,12,9,4,0,0,1,1,0,0,1,0,0,0,0,1,0,0,0,0,0,1.704748,81,16
2.6500001,12,42,10,0,1,1,0,1,0,0,1,0,0,0,0,1,0,0,1,0,0.97455972,1764,100
3,11,3,0,0,1,0,2,1,0,0,1,0,0,0,1,0,0,0,0,0,1.098612,9,0
4.5,12,37,14,0,1,1,0,0,0,0,1,0,0,0,0,0,1,0,1,0,1.504077,1369,196
17.5,16,23,22,0,0,1,3,1,0,0,1,0,0,0,1,0,0,1,0,0,2.862201,529,484
8.1800003,13,21,5,0,0,0,0,1,0,0,1,0,0,0,1,0,0,1,0,0,2.101692,441,25
9.0900002,15,11,12,0,0,1,1,1,0,0,1,0,0,1,0,0,0,1,0,0,2.207175,121,144
11.82,16,35,13,0,0,1,0,1,0,0,1,0,0,1,0,0,0,1,0,0,2.4697931,1225,169
3.25,12,42,0,0,1,1,0,1,0,0,1,0,0,0,1,0,0,1,0,0,1.178655,1764,0
4.5,12,3,0,0,0,0,0,1,0,0,1,0,0,0,0,0,0,0,0,0,1.504077,9,0
4.5,12,13,0,0,0,1,0,1,0,0,1,0,0,0,0,0,0,0,0,0,1.504077,169,0
3.71,9,14,7,0,0,1,2,0,0,1,0,0,1,0,0,0,0,0,0,0,1.3110321,196,49
6.5,10,14,11,0,0,1,3,0,0,1,0,0,0,0,1,0,0,0,0,0,1.871802,196,121
2.9000001,12,39,1,0,1,1,0,0,0,1,0,0,0,0,0,0,1,0,0,1,1.064711,1521,1
5.5999999,11,11,8,0,0,1,2,0,0,1,0,0,0,0,0,0,0,0,1,0,1.722767,121,64
2.23,8,28,3,0,0,1,4,0,0,1,0,0,0,0,0,0,1,1,0,0,0.8020016,784,9
5,6,18,0,0,1,1,3,1,0,0,1,0,0,0,1,0,0,0,0,1,1.6094379,324,0
8.3299999,16,6,2,0,0,1,0,1,0,0,1,0,0,1,0,0,0,0,1,0,2.119864,36,4
2.9000001,12,26,1,0,1,0,4,1,0,1,0,0,0,0,1,0,0,0,1,0,1.064711,676,1
6.25,12,21,6,0,0,1,3,1,0,1,0,0,0,0,1,0,0,1,0,0,1.832582,441,36
4.5500002,16,34,2,0,0,1,0,0,0,1,0,0,0,0,0,0,1,1,0,0,1.5151269,1156,4
3.28,12,17,2,0,1,0,0,0,0,1,0,0,0,0,0,0,1,0,0,1,1.187843,289,4
2.3,10,2,0,0,1,0,4,1,1,0,0,0,0,0,1,0,0,0,0,1,0.83290911,4,0
3.3,13,5,0,0,1,0,0,1,1,0,0,0,0,0,0,0,1,1,0,0,1.193922,25,0
3.1500001,13,1,0,0,1,0,4,1,1,0,0,0,0,1,0,0,0,0,1,0,1.147403,1,0
12.5,14,40,30,0,0,1,0,1,1,0,0,0,0,0,0,0,0,1,0,0,2.5257289,1600,900
5.1500001,16,39,21,0,1,0,0,1,0,0,1,0,0,0,0,0,1,0,1,0,1.638997,1521,441
3.1300001,10,1,1,0,0,0,2,1,0,0,1,0,0,0,1,0,0,0,0,1,1.1410331,1,1
7.25,12,14,5,0,0,1,3,1,0,0,1,0,0,1,0,0,0,0,0,0,1.981001,196,25
2.9000001,12,2,2,0,1,0,0,1,0,0,1,0,0,0,0,0,1,0,1,0,1.064711,4,4
1.75,11,2,1,0,0,0,2,1,0,0,1,0,0,0,1,0,0,0,0,1,0.55961579,4,1
2.8900001,0,42,0,0,1,1,2,0,0,0,1,0,0,0,0,1,0,0,0,0,1.061257,1764,0
2.9000001,5,34,0,0,1,1,5,0,0,0,1,0,1,0,0,0,0,0,0,0,1.064711,1156,0
17.709999,16,10,3,0,0,1,1,1,0,0,1,1,0,0,0,0,0,1,0,0,2.8741291,100,9
6.25,16,4,3,0,0,1,0,0,0,0,1,0,0,1,0,0,0,0,0,1,1.832582,16,9
2.5999999,9,4,0,0,0,0,1,0,0,0,1,0,0,0,1,0,0,0,0,0,0.95551139,16,0
6.6300001,15,21,3,0,1,1,2,0,0,0,1,0,0,0,0,0,1,1,0,0,1.891605,441,9
3.5,12,31,3,1,1,0,1,1,0,0,1,0,0,0,0,1,0,0,0,0,1.252763,961,9
6.5,12,20,14,0,0,1,3,1,0,0,1,0,0,0,1,0,0,0,0,0,1.871802,400,196
3,12,36,1,1,1,0,0,1,0,0,1,0,0,0,0,1,0,0,0,0,1.098612,1296,1
4.3800001,13,7,0,1,0,1,1,1,0,0,1,0,1,0,0,0,0,0,0,0,1.477049,49,0
10,12,15,0,0,0,0,1,0,0,0,0,0,0,0,0,1,0,1,0,0,2.3025849,225,0
4.9499998,7,25,17,0,0,1,5,0,0,0,0,1,0,0,0,0,0,0,0,0,1.599388,625,289
9,17,7,0,0,1,1,2,0,0,0,0,0,0,0,0,0,1,1,0,0,2.1972251,49,0
1.4299999,12,17,0,0,1,1,2,0,0,0,0,0,0,0,1,0,0,0,0,0,0.35767439,289,0
3.0799999,12,3,1,0,0,0,0,0,0,0,0,0,0,0,0,0,1,1,0,0,1.12493,9,1
9.3299999,14,12,11,0,0,1,3,0,0,0,0,0,0,0,0,0,1,1,0,0,2.2332349,144,121
7.5,12,18,5,0,0,1,2,0,0,0,1,0,0,0,1,0,0,0,0,0,2.0149031,324,25
4.75,13,47,1,0,0,1,0,0,0,0,1,0,0,0,1,0,0,0,0,0,1.558145,2209,1
5.6500001,12,2,0,0,0,0,0,0,0,0,1,1,0,0,0,0,0,0,0,0,1.731656,4,0
15,16,14,2,0,1,1,2,0,0,0,1,0,0,0,0,0,1,1,0,0,2.70805,196,4
2.27,10,2,0,0,1,0,3,0,0,0,1,0,0,0,1,0,0,1,0,0,0.81977981,4,0
4.6700001,15,13,18,0,0,1,3,0,0,0,1,1,0,0,0,0,0,1,0,0,1.541159,169,324
11.56,16,5,1,0,0,1,0,0,0,0,1,0,1,0,0,0,0,0,0,0,2.447551,25,1
3.5,14,5,4,1,1,0,2,0,0,0,1,0,0,0,0,0,1,0,1,0,1.252763,25,16
